date,title,detail
2020年3月1日(日),テスト投稿1,テスト投稿1の詳細です。
2020年3月2日(月),テスト投稿2,テスト投稿2の詳細です。
2020年3月3日(火),テスト投稿3,テスト投稿3の詳細です。
2020年3月4日(水),テスト投稿4,テスト投稿4の詳細です。
2020年3月5日(木),テスト投稿5,テスト投稿5の詳細です。
2020年3月6日(金),テスト投稿6,テスト投稿6の詳細です。
2020年3月7日(土),テスト投稿7,テスト投稿7の詳細です。
2020年3月8日(日),テスト投稿8,テスト投稿8の詳細です。
2020年3月9日(月),テスト投稿9,テスト投稿9の詳細です。
2020年3月10日(火),テスト投稿10,テスト投稿10の詳細です。
2020年3月11日(水),テスト投稿11,"
# 見出し1
## 見出し2
### 見出し3
#### 見出し4
##### 見出し5
###### 見出し6
- リスト1
    - ネスト リスト1_1
        - ネスト リスト1_1_1
        - ネスト リスト1_1_2
    - ネスト リスト1_2
- リスト2
- リスト3
1. 番号付きリスト1
    1. 番号付きリスト1_1
    1. 番号付きリスト1_2
1. 番号付きリスト2
1. 番号付きリスト3

```ruby
class Foo
  def bar'baz' # return baz
  end
end
```

normal *italic* normal
normal _italic_ normal

normal **bold** normal
normal __bold__ normal

[Google先生](https://www.google.co.jp/)"
